start	end	text
2100	46890	Gut, könnt ihr euch erinnern, wo wir beim letzten Mal waren?
46910	55690	diese Treppe, die nach unten führt, nachdem ihr diese Luke zur Seite geschoben habt.
57210	65750	Und habt diesen Blick. Es ist ein künstliches Neonlicht.
66470	75190	Kommt so, jetzt muss ich kurz gucken, von hier vorne kommt ein künstliches Neonlicht und hier von den Seiten müsstet ihr es auch sehen.
122670	125570	Genau, und ich meine, der Speeder ist ja gar nicht so groß.
127110	130910	Im Fall der Fälle muss man ihn so ein bisschen schräg stellen, dann würde man mit ihm sogar hier reinkommen.
131170	132550	Also oben, oben reinkommen.
245410	247330	Versucht ihr leise runter zu gehen?
249630	252270	Dann macht mal bitte einen Stealth-Wurf, genau.
258020	270960	Boah, kannst du laut sagen.
287720	292120	Ihr müsstet jetzt auch so einen kurzen Blick in ein anderes Räume, ist sehr gut, okay.
292120	313340	Ich bin mir nicht sicher, ob die Sichtwinkel ganz genau stimmen, aber so grob müsste es stimmen. Ja, ihr geht voran. Der Boden ist ein Metallboden. Der macht das Schleichen eigentlich relativ leicht.
313340	338140	relativ leicht. Bleibt mal hier bitte kurz stehen. Was ihr seht, wenn ihr hier nach links reinschaut, ist ein Technikraum, verschiedene Server auf der Seite oder zumindest Elektronik, die blinkt, nennen wir es mal so. Und ihr könnt mal einen Perception-Wurf machen.
338140	409780	Ja, hier links zu dir. Ja, warte mal ganz kurz. Perception-Wurf. Nee, alles gut. Okay, ja, du kannst nach links schauen.
409780	440570	Ja, ein Büro slash Technikraum. Warte mal ganz kurz, bleib mal kurz stehen mit dem Technikraum. Das scheint wirklich hier links irgendwelche Server zu sein. Da blinkt ein bisschen was. Irgendwelche Kabelverbindungen. Also das ist alles einerseits technisch gut und modern. Andererseits hast du auch insgesamt den Eindruck schon auch einiges an Improvisation.
441570	481290	Also das wurde pragmatisch gemacht. Im Gegensatz zum Gebäude oben, aber doch die Technik nochmal eine Ecke moderner. Genau, ansonsten ist hier nichts drin. Nein, ihr dürft nochmal einen Perception-Wurf machen.
481290	516220	Genau, jetzt lauschen vor allem hier unten. Man hört das Klicken von einer Lampe, Summen einer Lampe. Man hört Ventilatoren von den Servern und auch oben im Dach sind Ventilatoren.
516220	519840	ist eine Lüftungsanlage verbaut, um hier unten offenkundig
519840	524300	einen gewissen Durchzug zu bekommen. Ansonsten ist es
524300	543530	still. Hier rüber, okay. Dann lass mich mal kurz würfeln.
551480	554580	Ja, kannst du machen. Du siehst, was du siehst.
560950	563710	Du siehst wirklich ganz am Rande
563710	567290	jemanden da unten stehen, der sich
567290	607850	zu ducken scheint. Kumaro zählt runter, leise
607850	609690	mit seinen Fingern. Drei, zwei,
609990	611390	eins und dann kommt die Faust.
612130	613890	Ihr dürft mal alle zunächst
613890	614870	mal eine
614870	617810	Initiative würfeln,
617910	619770	bevor du reingehst. Bleib mal doch da.
621430	621790	Bitte
621790	622950	Initiative würfeln.
636160	638520	Okay. Gut, wir haben
638520	639780	schon die richtige Reihenfolge.
657930	659370	Genau, nur einmal
659370	661790	Prolong... Genau, Prolong
661790	663830	Rest. Genau. Gut.
664610	665890	Also ihr habt dort jemanden gesehen,
665890	667150	ihr habt euch abgesprochen,
667710	672050	Was bedeutet, ihr habt jetzt in der ersten Runde Überraschung.
675360	676740	Komaru, du beginnst.
679430	682530	Das heißt vor allem erstmal, dass der Gegner nichts tun kann.
717080	717980	Das heißt, machen wir einen Angriff.
738660	742740	Also du, mit einem Satz springst du nach vorne.
743740	745280	Das geht ja alles ganz schnell.
745280	749700	Das heißt, du siehst im Grunde diesen Menschen auch nur ganz kurz.
749780	750580	Ja, es ist ein Mensch.
751220	754880	Das ist ein Mann in einer imperialen Uniform.
755060	758100	Aber du bist so schnell dort, dass du das gar nicht so genau erkennen kannst.
758420	765060	Greifst an mit mehreren Krallen, aber du erwischst ihn nicht richtig.
765600	766240	Ghalrixtho.
777950	781630	Ja, also der Schreibtisch, der gibt dir, lass mal kurz gucken,
781630	786570	der ist ja recht groß, der gibt dir halbe Cover.
786570	792650	Das heißt, jetzt muss ich gerade immer selbst nochmal nachschauen.
798220	801340	Half Cover gibt dir plus 3 Armor Class.
802520	805160	Aber du kannst ganz normal handeln.
826690	857180	Nein. 17. Du schießt mit deiner
857180	858980	leichten Pistole.
860920	867680	Du schießt mit deiner umgebauten
867680	869480	leichten Pistole. Komaru,
870120	873640	an deinem Ohr knallt
873640	875380	ein Blasterschuss,
875580	877960	ein hoher Ton,
878020	878800	ein Blasterschuss
878800	880980	an dir vorbei,
881800	883180	der den gegen dir
883180	884640	gegenüber trifft.
885800	887100	Ghalrixtho, du kannst
887100	890140	normalen Schaden plus die 1d4
890140	891660	würfeln, weil er sich in dieser Runde
891660	893180	in dem Kampf noch nicht bewegt hat.
914620	915840	Ja, wie gesagt,
915840	917320	der hat im Grunde
917320	923720	Der hat eine Stoffuniform an und die Blasterschüsse, die brennen sich dadurch.
924120	952490	Ganden. Also in diese Richtung hier? Okay.
957780	962860	Ich muss euch mal kurz fragen, seht ihr die Turn Order? Seht ihr die?
964520	967920	Und seht ihr da auch den NSC drin?
969020	972920	Okay, alles klar. Wunderbar. Gut.
972920	983620	hier,
985540	986460	da ist eine Wand, genau.
989740	990220	Doch, da ist,
991460	993200	da, ja, so weit seid ihr noch nicht
993200	995160	direkt, da müsstest du dich umdrehen und genauer
995160	1003340	hingucken. Gut,
1004160	1005540	nächste Runde, komm mal rum.
1027550	1029610	Das ist definitiv ein Treffer.
1035710	1037590	Also, ein Treffer, der zweite
1037590	1038510	ist kein Treffer.
1053640	1055720	Du müsstest, wenn du auf unarmed,
1055720	1057760	genau, wenn du, Martin, auf unarmed
1057760	1059900	Claws im Chat drückst,
1062000	1063560	Dann kommt dein Schaden.
1080750	1082630	Okay, also in dem Fall habe ich jetzt den Schaden für dich gewürfelt.
1082770	1085570	Aber wie gesagt, du müsstest das eigentlich selbst, wenn du einfach auf Annahmend Klaus.
1086050	1086830	13 Schaden.
1087350	1100650	Ja, dieser imperiale Officer, der hat eine schwere Pistole in der Hand, aber der kann gar nicht so schnell reagieren.
1100650	1105810	Da springst du hin, greifst ihn an, Ghalrixtho schießt auf ihn.
1105810	1113330	Du greifst schon wieder an, er hat überhaupt keine Reaktionszeit und fällt zu Boden.
1132070	1136690	Ja, du hast ihn ja im Grunde im Nahkampf schon angegriffen in eine Ecke.
1136910	1145810	Also du kannst dich im Grunde nochmal auf ihn werfen und in Umklammerung ihn einfach nach unten lassen.
1151400	1151620	Okay.
1153220	1155180	Ihr könnt mal alle Perception-Wurf machen.
1155180	1189530	Komaru, obwohl du da unten bist, hörst du am ehesten, Ganden, du bekommst das gar nicht richtig mit, auf der Karte von oben, also von Norden her, Komaru, hast du kurz das Gefühl, du hättest so ein Funkknistern gehört, das aber ganz schnell wieder leise ist?
1189970	1212820	Ja, hier oben, ihr seht, ich glaube, das sieht man jetzt auf der Karte nicht so gut, hier sind Wände.
1213720	1229360	Das sind Wände, auf der Seite ein Schreibtisch, an der Wand oben ein Display, bei dem irgendwelche Daten durchlaufen, die nicht ohne weiteres zu identifizieren sind.
1230880	1233660	Ansonsten geht hier kein Weitergang raus.
1240500	1240880	Wie bitte?
1245260	1245900	Nein, nein.
1274420	1278100	Ja, nee, das scheint nicht von hier oben gewesen zu sein.
1278100	1280180	Das war irgendwo vom Gang her.
1280300	1293740	Das Problem ist, du standest ganz unten und mit dem Rücken, warte mal bitte, Ghalrixtho, du standest da ganz unten, das heißt, du konntest das nur in deinem Rücken irgendwie zuordnen, aber nicht präzise.
1293740	1342540	Gut. Gut, Ghalrixtho, du bist... Dann warte mal ganz kurz. Eine Sekunde. Ghalrixtho, ein Blasterschuss schlägt neben oder bei dir an ein bei 15. Ich glaube dann gerade, ja.
1342540	1353240	Oder man muss doch... Ne, genau, wir haben es ja erreicht.
1353540	1355340	Is the same, it is a hit. Ja, genau.
1357180	1365040	Also ein... Wie kann ich denn jetzt Schaden würfeln? Jetzt gucken wir mal.
1365620	1367640	Sieben. Sieben Energieschaden.
1368660	1371840	Richtig, Ghalrixtho, das kam hier von der Ecke.
1372600	1375980	Erneut bitte ich um eine neue Initiative.
1389550	1394090	Okay. Und jetzt beginnt im Grunde die eigentliche Kampfrunde.
1394830	1395610	Komm mal rum.
1395810	1417280	Das Problem ist, du hast das ja nicht mitbekommen.
1417520	1420100	Der ist in deine Richtung getaumelt.
1420360	1422820	Also, lass mich mal kurz hier.
1423680	1425200	Im Grunde, so ist er getaumelt.
1425200	1425940	Genau.
1427700	1438990	Ja, du siehst auch hier einen Imperialen in einer schweren Rüstung.
1439550	1442270	In der Hand ein Blastergewehr.
1442750	1449150	Komaru dürfte den sehen.
1449150	1561960	Genau, ihr habt immer nur die Sicht eures Tokens, aber ich sage es für Martin. Oh, das ist kritischer Erfolg. Das sind zwei Treffer, ja. Nee, nee, also da war ich im Klett. Nee, warte mal, Martin, beim ersten Mal, da hast du schon 2 der 8 gewürfelt. 3 plus 7, das sind 2 der 8. Das war schon der Crit. Ach so, okay. Okay, dann ist es der Crit plus Savage. Okay, wunderbar.
1566030	1595240	19, ne? Okay, 21 Schaden.
1595340	1600680	Ja, ich meine, also mit diesen scharfen Krallen, das ist eine schwere Rüstung, die der trägt.
1601080	1608560	Nichtsdestotrotz schaffen es diese scharfen, dünnen Krallen an verschiedenen Stellen einfach Lücken zu finden.
1608560	1616580	Am Hals vor allem, an dieser Lücke zwischen diesem etwas unförmigen Helm und dem Kragen.
1616720	1620780	Da fasst du rein und es spritzt viel Blut.
1620780	1644180	Gut, das war Kumaro. Von hinten, Kumaro, hörst du Geräusche und nach dir wird geschossen von dort hinten. Sieben, wahrscheinlich eher nicht.
1644180	1648280	ja, also, ihr bekommt Ghalrixtho
1648280	1649700	oder auch Ganden, ihr bekommt das mit.
1650620	1651180	Blasterschüsse
1651180	1653680	schießen an
1653680	1655540	Komaru vorbei.
1657300	1657820	Ghalrixtho.
1670640	1672060	Jaja, den kannst du sehen, ja.
1725670	1727210	Also Advantage hast du jetzt
1727210	1729130	nicht, ganz normal, weil du, weil ihr ihn
1729130	1736660	nicht klammert, mit
1736660	1737900	ja,
1740100	1741960	das ist, das ist eine
1741960	1744160	Kiste mit, könnten
1744160	1745880	irgendwie Gasflaschen oder sowas sein,
1746220	1794350	Du müsstest mit Acrobatics, könntest du dich mit einem erfolgreichen Acrobatics-Wurf, kannst du mit einem Move-Action drüber. Ja, du hast einmal, glaube ich, schon verwendet. Sechs Schaden.
1794350	1819210	Ja, nachdem erst Komarus Krallen ihn angegriffen haben, triffst du ihm den Vibro-Dagger irgendwo in die Seite. Es trifft ihn nicht so richtig im Bauch, aber an der Seite, irgendwo an der Hüfte, gleitet dann ab. Du bist nicht sicher, ob es vom Knochen oder von einem Stück der Panzerung ist, aber du hast ihn getroffen.
1819210	1839640	Lass mich kurz was lesen. Ich bin mal gespannt, was die Hintergrundmusik mit unserem Recording hier macht.
1844880	1848420	Stimmt, das dürfte eigentlich nicht. Genau, sehr gut.
1848420	1866890	Gut, euer Gegner scheint durchaus zu wissen, was er tut.
1866890	1897180	er macht eine blitzschnelle Bewegung, die da bedeutet, er geht hierhin zurück und ihr könnt ihn, ihr seid nicht schnell genug, ihn in irgendeiner Form zu treffen, keine Opportunity Attack, das ist eine Spezialfertigkeit und dann schießt er auf Kumaro 11, gut, schießt, schießt vorbei.
1897180	1900060	Ganden, du bist dran.
1911480	1912280	Er ist noch dabei, genau.
1914140	1914380	Gut.
1945430	2005790	Bevor du das machst, hast du von Kalem eine kurze Bestätigung bekommen.
2006090	2006750	Ganz knapp.
2007890	2012570	Du schießt auf den Ersten mit deiner schweren Pistole.
2015170	2016930	Und triffst ihn.
2028860	2032540	Ja, doch. Warte mal. Lass mich mal ganz kurz was gucken.
2034000	2036500	Charakter. Eigentlich ist es richtig eingestellt.
2041600	2043020	Vielleicht ist das PhD. ein Problem.
2047950	2048770	Ja, ja, komisch.
2060080	2060560	Sieben Punkte.
2067460	2067980	Ja.
2068840	2070760	Schwere Treffer. Es reißt ihn ein Stück
2070760	2072900	zur Seite. Nichtsdestotrotz, du merkst
2072900	2075120	einfach, die haben wirklich schwere Rüstungen
2075120	2075920	an.
2077140	2078540	Der sieht aber extrem
2078540	2080420	lädiert bereits aus.
2082120	2083120	So, nächste
2083120	2085280	Runde. Ich muss kurz würfeln.
2095300	2095640	Alles klar.
2096100	2097460	Komm mal rum.
2135450	2137730	Detonate on impact, gehe ich davon aus.
2140380	2142640	Okay, see within 30 feet of strength.
2142880	2144900	Okay, each creature within 10 feet.
2146160	2148160	Gut, das betrifft dann nur die beiden.
2148980	2149380	Sehr gut.
2157290	2158770	Ja, wobei, sie bekommen...
2158770	2160270	Also, da würfelt er ja jetzt nicht.
2160450	2161730	Die haben jetzt einen Saving Throw.
2162970	2164530	Den muss ich kurz machen.
2164670	2167490	DC 14, okay.
2172480	2174660	Das ist ein Dex-Saving Throw, ne?
2175600	2175960	Genau.
2176020	2203460	Okay. Mal gucken, ob das hier funktioniert. So, das war 10, das hat nicht funktioniert. Also einmal voller Schaden. Und mach einmal vollen Schaden, bitte.
2203460	2234230	Das volle Schaden ist 2d10 Kinetic Damage. Diesen Vorderern der beiden zerteilst du in mehrere Teile. Du hast diese Frag Grenade, diese Splittergranate direkt unter ihn geworfen.
2234230	2265550	Du siehst noch kurz, wie er sich nach unten blickt und in diesem Moment zerreißt es die Granate und ihn. Teile von ihm, wirklich Teile von ihm fliegen durch die Luft. Kurz ist ein roter Schleier in der Luft und dann siehst du hinter ihm steht nach wie vor der zweite Infiltrator, der es irgendwie geschafft hat, hinter dem anderen so in Deckung zu kommen, dass er unbeschadet davongekommen ist.
2265570	2270910	droht geduscht, definitiv.
2271490	2274930	Das sind keine Stormtrooper, deswegen sieht man es an ihrer Kleidung nicht ganz so gut.
2277090	2279050	Auch das ist bemerkenswert.
2279150	2282810	Normalerweise müsste er den halben Schaden kriegen, er bekommt aber keinen Schaden.
2287710	2290410	Der hat auch eine schwere Rüstung.
2295010	2296870	Und er schießt.
2297850	2300050	Gut, ihr habt hier so ein bisschen halbe Deckung.
2300470	2301310	Er schießt auf Komaru.
2304440	2306080	Ihr könnt alle mal einen Perception-Wurf machen.
2313200	2315780	Okay, Ganden Ghalrixtho, ihr bekommt das mit.
2315840	2317080	Ihr seid in einer ganz guten Position.
2318320	2319380	So ganz kurz.
2321060	2322660	Also er fasst sich nicht ans Ohr,
2322780	2325000	aber ihr habt das Gefühl,
2325080	2327800	dass er ganz kurz auf was im Ohr achtet.
2328380	2329100	Und dann schießt er.
2333100	2337550	Auf Komaru mit 18.
2341260	2342060	Gut, Komaru.
2343560	2345780	Er trifft dich und er trifft dich schwer.
2346280	2351900	Zum einen mit sieben Energy Damage.
2352980	2354900	Aber da kommt noch mehr dazu.
2357360	2358280	Mit insgesamt 19.
2360460	2367120	Der hatte einen sehr guten Fokus auf dich.
2367720	2371980	Hat sehr genau gezielt und hat an einer guten Lücke getroffen.
2372120	2373260	19 Schaden insgesamt.
2381520	2382060	Ghalrixtho.
2386960	2387740	So weit sind wir noch nicht.
2396880	2456740	Oh, plus Manöver-Modifier. Ja, das sind acht. Wow, nicht schlecht.
2462230	2472690	Komm mal rum. Du hast gerade gesehen, wie dieser imperiale Soldat mit seinen Blaster gefeuert hat.
2472690	2480410	Und der hatte wirklich so eine Art Halbautomatik. Der hat mehrere Blasterschüsse hintereinander in Komaru versenkt.
2480410	2482250	Komaru dabei auch
2482250	2484510	kundisch schwer getroffen. Irgendwas
2484510	2486690	macht Ganden hinter dir, wirft irgendwas durch die Gegend.
2487830	2488830	Aber du bist jetzt dran.
2524980	2527180	Du versuchst den Dagger in ihm zu versenken,
2527540	2529000	aber du kommst an irgendeine
2529000	2530400	Kevlar-Platte und
2530400	2532580	kommst da nicht weiter.
2534180	2535180	Den Infiltrator
2535180	2536020	gibt es nicht mehr.
2536720	2537400	So, Ganden.
2540550	2541350	Eine Sekunde.
2543030	2544870	Girl Rixto, was du noch siehst,
2544870	2546770	ist, hier hinten ist eine Tür
2546770	2547410	die zugeht.
2548490	2550370	Die schiebt sich so zu.
2551230	2553910	Gut, jetzt aber gang.
2608080	2609100	Triff die Wand hinter ihm.
2610680	2611380	Du triffst sie nicht.
2616980	2617460	Komisch.
2654980	2656420	Noch eine Granate, ganz klar.
2657680	2658120	Schade.
2682600	2684860	Auf den ersten Angriff hatte er Advantage.
2690250	2691730	Wobei, also normalerweise
2691730	2693310	ist das jetzt eine Attack-Action.
2693490	2694930	Eigentlich müsste er auf beide Würfe.
2696110	2697710	Das ist ja...
2697710	2699290	Ich gehe davon aus, er müsste auf beide Würfe,
2699290	2700350	weil es eine Action ist.
2717200	2718340	The first attack roll.
2718560	2721180	Okay, roll ist in der Tat nur der erste Wurf.
2722620	2723540	Das ist nicht die Action,
2723660	2724180	sondern nur der Roll.
2730920	2731160	Okay.
2732800	2733780	Gut, das heißt,
2737200	2739700	die bekommt ihr beide, die ihr ihnen von den Seiten,
2739940	2742080	ihr bekommt mit jeder Action, die ihr gegen ihn macht,
2742380	2743780	eine Advantage.
2754400	2756040	Ah, okay, stimmt, das ist ja anders.
2756140	2756600	Stimmt, genau.
2779560	2781320	Also einmal Schaden kannst du machen.
2798180	2798580	Let.
2798580	2798640	Let.
2798640	2901140	Ja. Also du machst eine Attack-Action. Und für diese Attack-Action machst du einen Athletics-Wurf und der Widerstand muss auch mit Athletics gelingen. Genau. Also du hast auf jeden Fall Schaden und das zweite, genau. Gut, dann machen wir Schaden. Jetzt ist er verletzt. Erster echter Treffer.
2901140	2909180	Also, der scheint sich kurz so ein bisschen umzugucken.
2911300	2912220	Vier Schaden, okay.
2915420	2917320	Ihr habt das jetzt echt klug gemacht.
2917780	2919940	So kommt er jetzt definitiv nicht raus.
2921760	2923380	Ansonsten wäre es schwerer gewesen.
2925380	2926960	Ich mal kurz würfeln, bitte.
2929630	2930510	Ja, das war klar.
2931410	2936510	So, er greift weiter an mit Disadvantages,
2936510	2940590	weil er nur mit einer Fernkampfwaffe kämpft.
2940810	2944290	Er greift Ghalrixtho Tor an.
2948190	2948630	21.
2955180	2956220	Gut, das müsste treffen.
2961070	2963090	Moment, da ist ein Fehler jetzt drin.
2964710	2968050	Das ist nur 7.
2968330	2969490	Also das plus 6 weiß ich nicht.
2969670	2974730	Der hat, glaube ich, das Critical schon gerollt.
2974830	2976150	Also 7 Punkte Schaden.
2976150	2979530	Er trifft dich, er scheint auch wirklich im Nahkampf
2979530	2983830	Seinen Blaster gut einsetzen zu können
2983830	2985970	Trifft dich irgendwo am Bein
2985970	2987650	Ghalrixtho, du bist dran
2987650	3005990	Also du hast jetzt, genau, Sneak Attack
3005990	3010310	Damit triffst du aber nicht
3010310	3012530	Ganz im Gegenteil, das ist sogar ein Patzer
3012530	3014210	Nein, triffst nicht
3014210	3018200	Ganden
3018200	3046600	Trifft definitiv
3046600	3123520	Okay, lass mich kurz gucken
3123520	3125140	Geschicklichkeit, ja
3125140	3152590	23. Okay. Gut, aber er ist geschockt. Das ist ein wichtiger Hinweis. Ja, das ist schade. Er hat nämlich eine sehr gute Reaktion.
3155830	3156270	Komaru.
3174740	3177860	Nee, nee, die Sneak Attack kannst nur du mit deiner Charakterklasse.
3178380	3185330	Du hattest ja vorhin nicht getroffen.
3186210	3188930	Wenn du getroffen hättest, dann hättest du extra Schaden gemacht,
3189110	3190870	weil das deine Charakterklasse kann.
3204680	3204820	Ja.
3216200	3216820	Nee, nee, nee.
3217300	3219400	Also es ist so, eigentlich hättet ihr auch bei dem Droiden,
3220020	3222220	dieses Flanking ist eigentlich nur eine optionale Regel.
3222760	3225300	Ich hatte das damals noch benutzt, weil das früher so war.
3225300	3226900	Eigentlich benutzt man es jetzt nicht mehr.
3226900	3230400	den zusätzlichen Schaden,
3230920	3232260	den bekommst du,
3232700	3234280	weil du, wenn du Advantage hast,
3234400	3235600	Sneak Attack nutzen kannst.
3235740	3236860	Die bekommt aber niemand anders.
3240440	3241620	Doch du hast eine Advantage.
3244080	3244820	Oder du?
3245780	3246640	Nein, nein.
3247180	3249140	So, genau. Keine Advantage,
3249280	3251400	aber du kannst Sneak Attack in dieser Konstellation machen.
3251400	3251660	So.
3253000	3365830	Ich bin noch... Wir haben noch nicht viele
3365830	3367610	Kämpfe, da müssen wir einfach noch ein bisschen reinkommen.
3367790	3369730	Und wir müssen uns... Es ist halt Star Wars
3369730	3371970	Star Wars 5e. Das ist ein bisschen anders.
3372130	3373870	Da müssen wir uns... Also ich bin auch noch im alten
3373870	3375730	5e. Gut.
3375970	3377970	Nächste Runde. Kumaro, bevor
3377970	3379170	du drankommst,
3380270	3381890	ihr
3381890	3384030	bekommt hier hinten
3384030	3384370	mit.
3386070	3387330	Öffnet sich eine Tür
3387330	3389050	und es kommt jemand heraus.
3389730	3391390	Aber mehr kann der in dieser Runde nicht machen.
3392210	3405200	Kumaro, Treffer.
3417610	3418590	Bleib bei einem Treffer.
3442360	3443220	Du konntest ihn
3443220	3445520	vorher nicht so genau beobachten, aber du hattest das Gefühl,
3446460	3449680	der hat sich vorhin immer ein bisschen smoother bewegt,
3449800	3452320	ein bisschen schneller und das tut er im Moment nicht.
3453320	3455760	Du triffst ihn mehrfach schwer.
3465590	3468110	Lass mich kurz würfeln, das gilt nicht.
3468110	3469530	Sag mal, jetzt.
3471670	3475110	Der wird ja von allen Seiten irgendwie angegriffen.
3477350	3479850	Er nimmt den Blaster wieder hoch,
3479850	3484120	schießt auf
3484120	3487930	Ganden. Das ist eher
3487930	3489970	ein bisschen unkontrolliert, was er hier im Moment
3489970	3491790	gerade macht. Also es ist eher
3491790	3493290	zufällig, auf wen er schießt.
3493570	3494590	Mit Nachteil 7.
3497950	3500390	Schießt an dir vorbei.
3503530	3504450	So weit ist es noch nicht.
3512440	3513040	Ghalrixtho, genau.
3517320	3528110	17 trifft. 15.
3532280	3533840	Ja, die hat genau
3533840	3535740	das nicht genommen.
3538150	3539250	Das ist so ein bisschen wie
3539250	3542010	beim Rasierapparat oder der dreckigen Zahnbürste.
3543090	3544030	Beim letzten Stimul...
3544030	3546790	Bisschen langsamer.
3547770	3550790	Es reicht aber, um diesen Vibro-Dagger
3550790	3556390	in den Hals zu treiben,
3556730	3559450	ein ganzes Stück nach vorne zu ziehen, diese Vibration.
3559450	3563310	Das ist ein Mikrosägen, was da stattfindet.
3563950	3567110	Und er fällt definitiv tot zu Boden.
3572530	3573610	Ganden, du bist dran.
3573890	3622710	Mhm. Zwei Dinge, kurz bevor du das machst. Zum einen siehst du, er trägt selbst eine Blasterpistole und ebenfalls ein Schild. Und während du kommst, ruft er dir noch zu. Im Namen des Imperiums, gebt auf! So, und dann bist du dran.
3622710	3630530	mach mal
3630530	3632910	ein Perception Wurf.
3647510	3648030	Ein Captain.
3652740	3653800	Also was
3653800	3655400	entsprechendes zu einem Captain.
3655840	3657320	Du erkennst jetzt, wenn du es genau guckst,
3657560	3659700	das sind ISB-Uniformen.
3660440	3661640	Das ist nicht Militär,
3661740	3664160	das ist Geheimdienst. Aber was entsprechendes zu einem Captain.
3669150	3669930	So, jetzt, du kannst
3669930	3670610	einen Angriff machen.
3684930	3686470	Du bleibst an seinem Schild.
3687390	3689230	Das ist auch so ein Energieschild.
3690490	3691010	Mittelgroß.
3692550	3697490	der hat eine ganz schöne Deckung dadurch und du bleibst an dem hängen.
3702180	3706540	Das ist ein Energieschild, der aber etwas größer ist als der von Ganden.
3707140	3711140	Also Ganden nur aus dem Kleinen, glaube ich.
3713690	3716750	Genau, und der scheint also einen etwas größeren zu haben.
3717430	3719370	Ja, Gun, du stehst vor ihm.
3720490	3721230	Er kommt dran.
3722970	3726830	Er versucht auf dich zu schießen, auch im Nahkampf.
3726830	3730290	was bedeutet in diesem Fall
3730290	3733610	mit Disadvantage, aber dafür hat er zwei Schüsse.
3736000	3737820	Elf und
3737820	3747090	20. Warte mal, das stimmt, das ist auch
3747090	3750210	nur die sieben, das ist kein Crit, nur die sieben.
3761650	3763970	Ihr seid auf euch allein gestellt, Kumaro ist nicht mehr da.
3770660	3771640	Kumaro, bist du wieder da?
3783390	3796750	Genau. Ich sag mal, heute ist nicht ganz so viel
3796750	3802260	Dialog, das kriegt man hin. Könnt ihr
3802260	3804040	beide mir mal kurz sagen, wie ist denn bei euch der,
3804040	3805800	Wie geht's euch jeweils?
3806740	3808740	Also, nicht euch, sondern euren Charakteren.
3814650	3815130	Nochmal.
3818840	3820740	Ganden, wie viel hat Ganden noch in Hitpoints?
3828240	3831540	Ja, wäre ganz gut, wenn Komaru wieder käme.
3844400	3847660	Martin ist auch bei Roll20 nicht mehr online.
3862260	3864640	Wir können auch euch beide vorziehen.
3864760	3867340	Ihr kommt auf jeden Fall vor dem Officer dran.
3868020	3869820	Oder wir warten, bis er wieder da ist.
3869820	3872390	Ja, also.
3892980	3906740	Dann macht ihr, okay.
3909920	3912240	Dann beginnen wir mit Ghalrixtho, du.
3912240	3913700	Du kämst jetzt als Nächster dran.
3920500	3950350	Okay.
3950950	3951490	Du triffst.
3952790	3955070	Wichtig ist, wir sind noch nicht in dem Bereich,
3955190	3957490	aber wichtig ist, bitte denkt damit dran,
3957750	3959850	Schüsse mitzuzählen wegen Nachladen.
3960170	3961130	Aber so weit sind wir noch nicht.
3963860	3965420	Also du triffst, definitiv.
3980250	3980650	Okay.
3981250	3984960	Strength. Gegen was mache ich das denn?
3987860	3988840	Ah ja, 12, ja.
3992330	3998060	Warum hat der kein...
3998060	4001020	Das muss ich händisch würfeln, aber das mache ich schnell.
4002560	4004060	Ich komme auf 12.
4007040	4008220	Habe ich bestanden gerade so.
4008800	4030480	Dieser Gegner ist nicht schwer gerüstet, aber dieser Schild hilft ihm einiges abzuhalten.
4032880	4033100	Danke.
4063090	4063990	Das geht, genau.
4064470	4121720	Manöver von dir.
4125510	4125730	Okay.
4153620	4156800	Dann hast du jetzt, armor class, 18. Kann das sein?
4158000	4158540	Okay, wow.
4158540	4165330	Das ist nicht nur ein Treffer, das ist ein kritischer Treffer.
4185980	4193490	Okay, den Schock kriegt er auch.
4202490	4204950	Okay, den Dex hat er nicht gelungen.
4213410	4216970	Also, das sind dann, du hattest gerade 12 gesagt?
4217210	4222990	Oder warum, du hattest oben, ach so, ja.
4223830	4223990	Okay.
4225110	4227210	Ja, ja, okay, genau, das ging ja gerade, genau.
4227850	4230550	Also sind das 15 Punkte und geschockt.
4230550	4250600	Gut, Komaru, du hast den beiden so ein bisschen Vorsprung gegeben, damit sie sich austoben können. Jetzt kommst aber eigentlich du dran.
4277780	4285040	Ja, Komaru, der trägt ja einen mittelgroßen Energieschild, größer als der von Ganden, aber nicht groß genug.
4285040	4295580	Du kommst dran vorbei. Offenkundig hatte Ganden ihn so in die eine Seite zu sich rüber gelockt, dass er auf seiner rechten Flanke eine Lücke hat.
4295580	4297240	du triffst ihn.
4303240	4304820	Aber immerhin. Immerhin.
4305140	4310710	Einmal Schaden. Das ist doch mal
4310710	4311450	ein richtiger Schaden.
4325920	4326400	Der ist
4326400	4329020	deutlich getroffen.
4331740	4333380	So ganzen Dingen.
4333520	4334580	Jetzt kommt aber er wieder.
4338620	4339980	Der muss sich entscheiden.
4341980	4343480	Komaru, er schießt
4343480	4343900	auf dich.
4345180	4346220	Im Nahkampf.
4346220	4389620	Das heißt, ja, aber ich meine, es ist für ihn erstmal Disadvantage. Zwei Schüsse, zwölf und elf. Dann, Komaru, kommst wieder du. Drift. Das ist, weil der immer den Crit schon mitrechnen will.
4389620	4407630	19 Schaden.
4409130	4410770	Du streckst ihn
4410770	4418080	nieder. Du streckst
4418080	4419680	ihn nieder und es ist still.
4422280	4423960	Der Energieschild
4423960	4425620	fällt zu Boden,
4425620	4427560	wie der ganze Offizier, offenkundig
4427560	4428260	ein Offizier.
4429400	4431520	Und es ist still hier drin und
4431520	4433240	ja, nach diesem ganzen Rennen,
4433440	4434440	Schießen, Schlagen
4434440	4437620	klirren euch kurz so ein bisschen die Ohren
4437620	4439680	und dann hört man wieder das
4439680	4441320	Summen
4441320	4443920	der Neon-Leuchtröhren.
4460730	4462110	Wie gesagt, er hat
4462110	4464610	eine
4464610	4466170	Blasterpistole dabei, er hat
4466170	4468150	diesen Schild dabei, er trägt
4468150	4470230	eine Light Combat Suit und
4470230	4471650	in der Tat trägt er
4471650	4473410	einen kleinen
4473410	4476650	Sicherheitsstick bei sich.
4490430	4491550	Hier ist eine Tür, genau.
4492610	4493490	Also hier, genau.
4493490	4494370	Auch hier ist eine Tür, ja.
4502660	4505120	Ja, du gehst zu der Tür, die Tür ist
4505120	4505920	verschlossen.
4513020	4515960	Also elektrisch verschlossen. Ja, ist ein Panel.
4515960	4542580	Ja, das macht kurz ein Zischen und die Tür ist freigeschaltet.
4543000	4553800	Kann man reingehen?
4553800	4573830	Ja, hier drin steht eine kleine Figur, eine kleine Person in einem ziemlich abgerissenen Nadelstreifenanzug.
4575650	4582310	Drei Augen. Hatte ich euch schon mal ein Bild von ihm gezeigt? Ich glaube ja. Wir hatten schon mal dieses Überwachungsbild gesehen.
4582310	4587990	und der schaut dich mit drei großen Augen an.
4589210	4590010	Was ist hier los?
4593150	4595230	Ich hatte bekommen, um mich zu befreien.
4595330	4596450	Sehr gut, sehr gut gemacht.
4598790	4599490	Gut gemacht, Junge.
4599630	4602610	Er geht zu dir und will dir die Hand schütteln.
4613470	4614190	Er geht raus.
4615550	4616810	Komaru, du siehst ihn jetzt auch.
4618150	4621390	Das hier ist eine Zelle, eine sehr einfach gehaltene Zelle.
4621390	4624670	Da ist fast nichts drin, außer was zu trinken.
4632890	4635390	Wer schickt euch zu meiner Befreiung?
4646990	4648750	Da sind Schränke, die sind aber komplett leer.
4648990	4650790	Also da musst du auch nicht lange suchen.
4651170	4652530	Das zeigt sich ganz schnell von selbst.
4667850	4668570	Alles klar.
4692200	4693560	Schild kannst du dir aufschreiben.
4693680	4695520	Die Tür hier ist offen.
4697260	4698100	Der ist ja durchgegangen.
4698240	4702780	Wenn ihr mit dem Token durchgeht, dann seht ihr, was drin ist.
4702780	4724110	Bei den schwergerüsteten Soldaten siehst du, die haben jeweils einen Blaster-Carbine und tragen einen Heavy-Combat-Suit.
4725470	4729170	Ansonsten nichts viel Persönliches oder sowas.
4733680	4734700	Die kannst du einpacken, ja.
4745060	4748360	Erste, im ersten Raum.
4749420	4751500	Lass mich kurz gucken, das ist...
4752780	4770000	Wo ist denn der Armor?
4770580	4778140	Ich muss kurz im Regelbuch nachgucken, was das ist.
4778140	4788630	bei allen anderen habe ich es genau notiert
4788630	4790590	bei dem wundere ich mich gerade
4790590	4792470	ob das der Beschreibung
4792470	4794250	deswegen will ich sicherheitshalber nachgucken
4794250	4796390	weil bei dem nur Battle Armor
4796390	4797250	steht
4797250	4800430	aber das sage ich dir gleich
4800430	4804810	das ist
4804810	4806490	bei 168
4806490	4815770	doch das ist sogar
4815770	4820370	das ist eine Battle Armor
4820370	4822230	das ist eigentlich
4822230	4824130	auch eine Heavy Armor. Das hat man dem
4824130	4826110	gar nicht so angesehen. Die ist nur,
4826690	4827730	die ist einfach
4827730	4830530	von der Technik her
4830530	4832090	nicht ganz so fortgeschritten
4832090	4833430	wie das, was die anderen haben.
4836660	4837700	Alles Heavy Armor, ja.
4842420	4843680	Der Officer, genau.
4844560	4845720	Der Officer hat
4845720	4847960	ein Light Combat Suit.
4894690	4898060	Du hast
4898060	4899840	schon einen Investigation-Wurf gemacht.
4900700	4901980	Also zunächst mal,
4903520	4904280	du siehst
4904280	4908300	auch diese Sitzecke, dieses Sofa und so weiter, da liegen auch einige
4908300	4911840	Papiere rum. Also wenn du dir vergegenwärtigst,
4912140	4916280	wo die hier ihre Station haben und was die Tarnung ist, die verbringen hier
4916280	4919500	ganz schön viel Zeit hier unten mit Watten.
4920760	4923280	Und das scheint so ein bisschen die
4923280	4928140	Ordnung, die Moral, naja, also man hat
4928140	4932100	sich hier einigermaßen eingerichtet. Das Büro ist so ein bisschen
4932100	4936060	unordentlich, auf dem Boden liegen ein paar Sachen. Das kann aber auch gerade von diesem Kampf
4936060	4940480	gekommen sein, weil er rausgestürzt ist. Du guckst dir das so ein bisschen
4940480	4944620	durch. Einige Akten, einige Dokumente,
4944740	4948040	auch handschriftliche Sachen oder ausgedruckt.
4948520	4952640	Ein, zwei elektronische Sachen. Gefällt es aber schwer
4952640	4954420	einzuordnen, was das ist.
4966950	5007970	Der steht direkt bei Ghalrixtho noch.
5007970	5010030	der
5010030	5012830	der reagiert so ein bisschen
5012830	5014790	der war erst
5014790	5017050	voller Schwung, ist ja rausgegangen
5017050	5018850	wollte schon vorausgehen und
5018850	5021010	scheint jetzt so ein bisschen irritiert zu sein
5021010	5022770	ähm
5022770	5024530	er schaut so, ja gut
5024530	5026770	von dem was er da hinten macht, sieht er nicht viel
5026770	5028710	äh, Ganden
5028710	5030870	äh, Ghalrixtho, er wendet sich
5030870	5031370	dir zu
5031370	5034890	wer seid ihr? wer hat euch
5034890	5043780	geschickt? keine Ahnung
5044780	5045980	Irgendjemand hat mich verraten.
5059410	5060430	Wohin bringt er mich?
5072580	5074320	Er geht voran.
5075380	5076960	Du musst ihn in der Tat so ein bisschen führen.
5078320	5080260	Der scheint sich hier drin nicht auszukennen.
5096800	5098180	Okay, also er geht hoch.
5128320	5197770	Okay, machen wir Investigation.
5206570	5207930	Du nimmst dir Zeit.
5209090	5210430	Klar, einige lose Sachen.
5210630	5211570	Du sortierst so ein bisschen.
5211570	5213410	Du guckst, was ist relevant.
5213410	5216030	und findest zwei Sachen.
5216890	5224310	Du findest an dem Schreibtisch in einer kleinen Ablage
5224310	5230110	einen Stick mit Credits, 500 Credits.
5233360	5239640	Und du findest noch ein Speichermedium.
5239640	5253220	Das ist so ein kleiner, fast vollständig schwarzer Stein, aber du weißt, das ist ein Speicher, ein Datenspeicher.
5253220	5255800	und der
5255800	5259520	der war, also du musst ein bisschen suchen
5259520	5262000	der war in einer abgeschlossenen Schublade
5262000	5263900	die konntest du ohne größere Probleme öffnen
5263900	5265580	du hast von ihm ja auch
5265580	5267520	seinen Zugangstick
5267520	5269320	aber
5269320	5272160	den hast du da noch gefunden, der war gesichert
5272160	5361520	kannst du daneben, zum Teil ist
5361520	5363320	natürlich ein bisschen Blut, ein bisschen von
5363320	5364380	Komarus Krallen
5364380	5366760	beschädigt, aber
5366760	5369920	sondern du denkst nichts, was sich nicht in irgendeiner Form
5369920	5371080	instand setzen lassen würde.
5371180	5372760	Ich meine, du kennst dich mit Antiquitäten aus,
5372800	5373780	die man instand setzen muss.
5374280	5376080	Das funktioniert auch sehr gut mit Uniformen.
5390000	5391060	Also das ist ein Officer.
5391180	5393700	Ich müsste mal genau gucken, wie das beim ESB genau heißt.
5402670	5405690	Genau, also die haben auch nicht die weißen Uniformen an hier.
5407350	5410110	Ganz kurz regeltechnisch, nur bevor wir es vergessen.
5410410	5413030	Ihr bekommt alle für diesen Kampf,
5413030	5414590	wir spielen ja ein bisschen Oldschool,
5415410	5418870	Also jeder bekommt 730 Experience Points.
5425450	5426690	Und wenn ich das noch dazu sagen muss,
5426730	5429090	ihr habt da ein, zwei Sachen, ob es beabsichtigt war oder nicht,
5429150	5431050	weiß ich nicht, aber ihr habt das sehr klug gemacht.
5432250	5435170	Ihr habt eine Fähigkeit der Infiltrators,
5436350	5438070	denen systematisch verunmöglicht,
5438150	5442430	und das war das eine Mal, als Komaro dich so schwer getroffen hat,
5444190	5445730	da sind sie danach nicht mehr dazu gekommen,
5445730	5446510	und das haben sie gut gemacht.
5494450	5496030	Also du hast den Eindruck, die Datenträger,
5496030	5500310	das sind wirklich an diesen Servern hier unten, da ist eine Workstation.
5501370	5504250	Da wird das in irgendeiner Form betrieben.
5507360	5509600	Da könntest du auch mal mit Investigation dir das angucken.
5526590	5530150	Also so ganz klar wird es dir nicht. Das ist schwierig, weil das ein
5530150	5534530	komplexes System zu sein scheint. Was du feststellst,
5534530	5538130	ist, naja, eine Wettüberwachungsstation ist es nicht, aber
5538130	5542150	diese Parabolantenne, diese riesige da oben drauf,
5542150	5556490	Die scheint durchaus zu funktionieren, nur eben nicht für Wetterdaten. Das ist in irgendeiner Form eine Überwachungsstation, in der verschiedene Daten der Überwachung zusammenfließen.
5556490	5578880	Du hast den Eindruck, das ist eine Außenstation, das ist kein Hauptquartier, das ist auch kein Rechenzentrum oder kein Analysezentrum, aber hier werden Daten aufgefangen, die werden vielleicht aufbereitet in irgendeiner Form und dann weitergeleitet.
5595920	5599600	Nur die Inhalte, zu denen kannst du so ohne weiteres jetzt nichts sagen.
5606150	5610350	Mit 12 bei Investigation, also da müsstest du dir auch mehr Zeit investieren.
5621050	5644520	Genau, genau. Das mache ich.
5683900	5684340	Okay, genau.
5690810	5693470	Also du musst dich so ein bisschen zurechtfinden.
5693470	5697850	Das sind Tondateien, also Tonspuren.
5699310	5703290	Hier scheinen Funkverbindungen abgehört zu werden.
5703290	5709590	und die werden hier, also du brauchst so ein bisschen, du musst dich so ein bisschen durchklicken,
5710850	5716630	die werden hier offenkundig vorsortiert, die werden so grob kategorisiert,
5717150	5721510	in Paketen abgespeichert und weitergeschickt.
5722970	5728530	Und du hast, also es gibt hier einen lokalen Datenspeicher, das sind diese auf diesen Servern hier,
5728530	5741650	Aber hier scheint schon so eine Vorsortierung stattzufinden, weil offenkundig nicht alle Daten weitergegeben werden, sondern da wird identifiziert, was ist interessant. Das wird dann zusammengepackt und weitergegeben.
5741650	5791640	Oh, das ist, mal kurz überlegen, das ist ein Farbcode. Grün, Gelb und Rot. Nee, das sind terrestrische, also Funksprüche auf der Oberfläche zwischen Capital City.
5791640	5853120	Also das ist für so einen Bereich um Capital City herum. Teile davon. Machen wir Investigation? Okay. Das wird nicht regelmäßig, aber alle paar Tage. Also so in der Regel alle vier bis fünf Tage. Der letzte wurde vor zwei Tagen verschickt.
5853120	5902830	rohe, also mehr oder weniger rohe
5902830	5904210	Audiodateien.
5905210	5906710	Die werden hier nochmal komprimiert,
5906970	5908290	aber dann werden die so weitergeschickt.
5946400	5946700	Ja,
5947640	5948320	da bitte den
5948320	5950240	Investigation.
5954960	5956840	Also Videostreams
5956840	5958920	findest du nicht viele, da scheint es wirklich
5958920	5961100	nur den von außen zu geben und der scheint
5961100	5963040	mit 25
5963040	5964320	hast du einen ziemlich guten Einblick,
5964980	5966820	der scheint eigentlich nur hier
5966820	5969200	lokal überprüft zu werden.
5970100	5988050	Ähm, wie bitte? Nein, nein, der wird hier wirklich nur lokal in so einem, also mit so einem kleinen Verzug, da gibt es so eine kleine Sicherungskopie sozusagen, die aber nur da ist, um nochmal schnell zurückzuspulen.
5988050	6008770	Also das von eurem, als ihr vor der Tür wart, das ist jetzt schon weg. Das findest du schon nicht mehr. Lass mich mal kurz was würfeln.
6008770	6031360	Doch, du findest Ghalrixtho ein Signal, eine Zeichenabfolge, ein Code, das du nicht genau zuordnen kannst, aber wenn du mal kurz den Zeitabgleich machst, muss das während eures Einstiegs hier unten abgeschickt worden sein.
6032780	6037360	Du kannst keinen Inhalt identifizieren, aber das ist eindeutig zuordnenbar ansonsten.
6037360	6184990	Also auf diesem Server hier, da sind einige Speichermedien, Speicherplatten drin verbaut. Das ist ja im Grunde ein bisschen Hardware-Arbeit, das ist nicht so komplex, dauert ein bisschen und gut, die haben ein gewisses Gewicht, hier ist einiges an Speicherkapazität vorhanden, aber so, dass man es tragen kann.
6184990	6221350	Genau, genau. Funken, knallen und spritzen durch die Gegend, das funktioniert zumindest nicht mehr. Und ihr geht nach oben, ja. Oben seht ihr Kalem, der still dasteht und diesen Kran beobachtet.
6221350	6228110	Der Kran, der läuft so ein bisschen hektisch hin und her.
6230270	6232410	Also Kalem steht am Ausgang.
6234250	6237910	Und raunt euch nur kurz zu.
6238930	6240590	Er wollte schon selbst vorgehen.
6260100	6261140	Gut, wohin bringt er mich?
6262600	6263100	Ich habe...
6264140	6267080	Sehr gut.
6267080	6271020	Wir könnten noch, wir müssten noch beim Raumbahnhof vorbei.
6271380	6273940	Ich habe noch ein bisschen Kleingeld für euch.
6294080	6302620	Ja, verschwinden wir.
6303420	6304360	Bringt mich in Sicherheit.
6325220	6327360	Wie viel Sprengstoff war das denn?
6334460	6334760	Okay.
6337440	6337740	Naja.
6339240	6342520	Gut, du kennst dich damit aus, du hast das gut positioniert.
6343820	6347120	Ihr geht gerade davon weg, du drehst dich nochmal oben und drückst drauf.
6351610	6359010	Hört ihr mich noch? Jetzt hört ihr mich wieder?
6360190	6362030	Ja, super, wunderbar. Ich habe mich selbst noch nicht mehr gehört.
6363650	6369630	Ja, eine Explosion erschüttert diese Station, erschüttert den Boden.
6369630	6374210	Und komm, Aro, du hast das sehr gut gemacht. Das fällt in sich zusammen.
6374670	6380770	Höchstwahrscheinlich wird dieser Unterbau, dieser Keller, der wird davon nur bedingt in Mitleidenschaft gezogen sein.
6380870	6383370	Aber da muss man jetzt erst mal rankommen wieder.
6430690	6431790	Aber Ghalrixtho du kannst natürlich.
6437450	6444670	Gut, Daro Fel guckt sich das ein bisschen irritiert an, diesen Gleiter, aber zuckt so ein bisschen mit den Schultern.
6454350	6461220	Alles in Ordnung. Ihr habt einen guten Job gemacht. Ich...
6461220	6464460	Wie er kommt oder mich wegbringt, ist mir egal. Hauptsache, ich komme hier weg.
6476880	6477940	In dem Bunker?
6480000	6484680	Keine Ahnung. Keine Ahnung.
6484680	6490910	Die haben mich... die haben mich beim Raumhafen einfach mitgenommen.
6491910	6492690	So eine Scheiße.
6493110	6494510	Ich habe alles so gut geplant gehabt.
6506780	6510280	Die Uniform, ja, aber du kannst...
6510280	6518040	Ja, aber also die von der Kameraeinstellung, das ist ja alles hier nicht hochauflösend.
6518180	6519420	Das war sehr pixelig.
6519760	6521140	Du hast da keine Gesichter erkannt.
6523670	6524150	Reitung, ja.
6539340	6572640	Ihr fahrt ein...
6572640	6573520	Das ist wunderbar.
6573600	6574600	Man kann auch ein bisschen cruisen.
6577100	6578780	Ihr fahrt ein bisschen Umweg.
6579420	6580400	Kommt ein Stück weit weg.
6580460	6587400	Irgendwann kommen ja hier auch wieder so kleinere Hügel, kleinere Schluchten, die man nutzen kann, um ein bisschen Umwege zu fahren.
6588620	6611540	Okay.
6613820	6620190	Bevor es soweit kommt, ihr seid so fünf Minuten unterwegs.
6621190	6634790	Seht ihr oben wie irgendwelche Raumschiffe bzw. Flugzeuge, das ist ja austauschbar, über euch hinweg zischeln.
6634850	6636230	zwei, drei Stück
6636230	6639210	und in die
6639210	6641690	Richtung dieser Überwachungsstation
6641690	6642470	fliegen.
6643810	6645090	Ihr fahrt weiter.
6645190	6647050	Sie scheinen euch nicht bemerkt zu haben.
6647570	6648050	Wahrscheinlich.
6649490	6650490	Ihr fahrt weiter.
6650750	6652930	Du gibst ihm diese Mütze.
6653470	6655110	Was soll das? Nein, nein, nein.
6656050	6657230	Ich bin frei jetzt.
6658250	6659430	Ist schon in Ordnung. Ich brauche das nicht.
6664180	6665440	Ihr habt nichts zu befürchten.
6671740	6672660	Hey, was soll das denn?
6673400	6674500	Alles gut, alles gut.
6674580	6697230	Ja, ja, ja, ja. Ziehst ihm diese Mütze über. Er murmelt noch weiter vor sich hin. Was soll das denn? Aber das geht so ein bisschen unter. Und ihr kommt bei eurem Raumschiff an. Und an der Stelle würde ich gerne nächstes Mal weitermachen.
